hour_start,no2_ug_m3,hrl,hrr,vwd,vwa,total_intensity_veh_per_hr,hour_of_day
2026-09-30 21:00:00+00:00,13.52,480.0,300.0,60.0,0.0,840.0,23
2026-09-30 23:00:00+00:00,20.22,0.0,60.0,120.0,0.0,180.0,1
2026-10-01 00:00:00+00:00,10.75,240.0,0.0,0.0,0.0,240.0,2
2026-10-01 13:00:00+00:00,18.2,1740.0,2160.0,780.0,300.0,4980.0,15
2026-10-01 14:00:00+00:00,18.41,1440.0,2340.0,1140.0,360.0,5280.0,16
2026-10-01 15:00:00+00:00,15.45,2160.0,1380.0,360.0,300.0,4200.0,17
2026-10-01 16:00:00+00:00,17.07,1500.0,960.0,120.0,360.0,2940.0,18
2026-10-01 18:00:00+00:00,40.17,1260.0,1500.0,240.0,180.0,3180.0,20
2026-10-01 19:00:00+00:00,36.78,660.0,1260.0,360.0,120.0,2400.0,21
2026-10-01 20:00:00+00:00,27.75,720.0,360.0,240.0,0.0,1320.0,22
2026-10-01 21:00:00+00:00,34.28,300.0,600.0,300.0,60.0,1260.0,23
2026-10-01 22:00:00+00:00,37.01,240.0,180.0,60.0,120.0,600.0,0
2026-10-01 23:00:00+00:00,27.37,180.0,60.0,0.0,0.0,240.0,1
2026-10-02 00:00:00+00:00,20.77,60.0,60.0,0.0,60.0,180.0,2
2026-10-02 01:00:00+00:00,26.93,300.0,120.0,60.0,0.0,480.0,3
2026-10-02 02:00:00+00:00,27.29,180.0,180.0,0.0,60.0,420.0,4
2026-10-02 03:00:00+00:00,30.2,120.0,480.0,120.0,60.0,780.0,5
2026-10-02 04:00:00+00:00,35.33,840.0,780.0,120.0,60.0,1800.0,6
